player,version,games,engines,alive_share,alive_ticks,assists,attack_targets,attackmoves_pm,attacks_pm,barracks_kills,building_kills,buy_gear,buy_heal,buy_mana,buy_poison,buy_portal,buyback_gold,buybacks,casts_pm,class,cpu_pct,deaths,draft_0,draft_1,draft_2,draft_3,draft_4,draft_5,draft_6,draft_7,draft_8,draft_9,drawn,dup_pm,dup_share,glory,gold_earned,gold_end,gold_spent,hp_mean,items_consumed,itemuses_pm,kills,level,lost,lowhp_walks,minutes,orders_pm,rej_ActionAbilityLocked,rej_ActionAlreadyEquipped,rej_ActionChanneling,rej_ActionCooldown,rej_ActionDrafting,rej_ActionInsufficientGold,rej_ActionInsufficientMana,rej_ActionInventoryFull,rej_ActionNoCharges,rej_ActionNoRoute,rej_ActionNotAlive,rej_ActionOutOfRange,rej_ActionOutsideKeep,rej_ActionTargetUnavailable,rejected_pm,rejected_share,score,target_building,target_creep,target_god,target_hero,team,tiles_pm,time_below25,time_below50,time_enemy_half,time_near_enemy_god,time_near_enemy_tower,time_near_own_god,tower_kills,walks_pm,won,xp,xp_building,xp_god,xp_herokill,xp_lasthit,xp_shared
Aaron,aaron-gota-balance0922-crossbow_draft:v1,70,"{""57"": 70}",0.9165911857142858,15068.685714285713,1.9285714285714286,405.48571428571427,22.98223707142857,39.4473529,1.5,4.514285714285714,3.914285714285714,8.428571428571429,0.0,0.0,5.828571428571428,354.2857142857143,0.5857142857142857,2.0720001285714287,3.9285714285714284,5.457142857142857,3.8714285714285714,0.014285714285714285,0.17142857142857143,0.24285714285714285,0.07142857142857142,0.014285714285714285,0.05714285714285714,0.32857142857142857,0.07142857142857142,0.014285714285714285,0.014285714285714285,0.02857142857142857,38.78119467142857,0.25928954285714284,1116.1142857142856,3156.214285714286,1501.357142857143,1804.857142857143,0.8781857285714285,12.414285714285715,1.1435455285714287,9.557142857142857,9.385714285714286,0.2571428571428571,31.02857142857143,11.512430571428572,155.96219167142857,0.0,0.0,5.242857142857143,0.0,0.0,0.0,2.4571428571428573,0.0,0.0,0.5,0.0,591.3857142857142,0.0,1.2714285714285714,55.30483378571429,0.3406667857142857,1510.0285714285715,0.3648149,0.4661473285714286,0.002420057142857143,0.16661765714285715,0.5142857142857142,96.45080364285715,0.040039557142857146,0.09429464285714285,0.4327956857142857,0.09807328571428571,0.3674516857142857,0.20583287142857143,3.0142857142857142,32.19711421428571,0.7142857142857143,3728.9,451.42857142857144,0.0,1433.5714285714287,1656.2571428571428,187.64285714285714
Aaron's Co-play Coach,aaron-gota-balance0922-coach:v1,71,"{""57"": 71}",0.919002633802817,14511.87323943662,2.211267605633803,373.4366197183099,23.959020070422536,37.251246436619724,1.295774647887324,3.788732394366197,3.732394366197183,8.225352112676056,0.0,0.0,5.225352112676056,284.50704225352115,0.43661971830985913,2.1714227605633805,4.380281690140845,5.464788732394366,3.535211267605634,0.028169014084507043,0.08450704225352113,0.23943661971830985,0.056338028169014086,0.014084507042253521,0.056338028169014086,0.39436619718309857,0.08450704225352113,0.028169014084507043,0.014084507042253521,0.0,40.814600323943665,0.2830376056338028,942.9295774647887,2795.3521126760565,1308.8732394366198,1636.4788732394366,0.8702299014084508,11.690140845070422,1.1158998028169014,8.267605633802816,8.774647887323944,0.2535211267605634,35.45070422535211,11.055438183098591,150.44948542253522,0.0,0.0,4.563380281690141,0.0,0.0,0.0,2.535211267605634,0.0,0.0,0.38028169014084506,0.0,523.5352112676056,0.0,0.9295774647887324,51.86752563380282,0.3382117746478873,1315.1830985915492,0.35073653521126763,0.47726885915492956,0.003173802816901409,0.16882077464788733,0.5774647887323944,96.92329532394366,0.04587461971830986,0.10673350704225351,0.4075946056338028,0.10255059154929577,0.36549298591549295,0.213648,2.492957746478873,31.349922450704224,0.7464788732394366,3339.605633802817,378.8732394366197,0.0,1240.1408450704225,1531.0140845070423,189.57746478873239
Alex Smith,gota-g002:v1,204,"{""57"": 98, ""56"": 13, ""51"": 93}",0.9768780490196078,16210.892156862745,0.07352941176470588,32.88235294117647,0.0,3.36342093627451,0.0,0.0,0.0,1.0049019607843137,0.0,0.0,0.0,0.0,0.0,0.0,4.955882352941177,12.009803921568627,1.3284313725490196,0.09313725490196079,0.029411764705882353,0.05392156862745098,0.13725490196078433,0.16666666666666666,0.11274509803921569,0.058823529411764705,0.10294117647058823,0.10294117647058823,0.14215686274509803,0.03431372549019608,71.87249018627452,0.9108950931372549,0.0,5.171568627450981,79.80392156862744,75.36764705882354,0.9913126764705883,0.00980392156862745,0.0013606715686274508,0.00980392156862745,1.0294117647058822,0.5588235294117647,0.0,11.500040828431372,79.34074969117647,0.0,0.0,0.0,0.0,40.0,0.0,0.0,0.0,0.0,0.0,2.965686274509804,0.0,0.1323529411764706,0.0,4.497676509803922,0.053781514705882355,0.0,0.001796188172043011,0.694810129032258,0.0,0.3033936827956989,0.47058823529411764,9.819203053921568,0.0022026568627450983,0.006666465686274509,0.01207943137254902,0.0,0.007281029411764706,0.9138359411764705,0.0,71.37592291666667,0.4068627450980392,24.00980392156863,0.0,0.0,1.4705882352941178,3.5686274509803924,18.970588235294116
Andre von Auto,khors:v114,13,"{""57"": 13}",0.824124923076923,15800.461538461539,1.8461538461538463,291.9230769230769,7.488279461538462,26.285368538461537,0.0,0.07692307692307693,3.8461538461538463,12.153846153846153,0.0,0.0,7.3076923076923075,876.9230769230769,1.3846153846153846,1.9824316153846153,3.3076923076923075,3.3076923076923075,7.076923076923077,0.0,0.23076923076923078,0.23076923076923078,0.15384615384615385,0.07692307692307693,0.0,0.3076923076923077,0.0,0.0,0.0,0.23076923076923078,14.54616223076923,0.22141561538461538,121.23076923076923,3815.769230769231,1391.1538461538462,2574.6153846153848,0.8494584615384616,17.153846153846153,1.486648846153846,14.76923076923077,10.076923076923077,0.5384615384615384,45.07692307692308,13.200908153846154,65.94177630769231,0.0,0.0,4.461538461538462,0.0,0.0,0.0,1.7692307692307692,0.0,0.0,0.15384615384615385,0.0,6.0,0.0,0.9230769230769231,1.1369627692307693,0.017659923076923077,1978.923076923077,0.0,0.6892095384615384,0.0008893076923076923,0.30990123076923076,0.6153846153846154,110.34078315384615,0.060869307692307695,0.13731453846153846,0.33329430769230767,0.07412046153846154,0.2857356923076923,0.23852284615384617,0.07692307692307693,24.24800430769231,0.23076923076923078,4513.076923076923,7.6923076923076925,0.0,2215.3846153846152,2110.846153846154,179.15384615384616
Andre von Houck,Polyworld GOTA base.bas:v2,203,"{""57"": 98, ""56"": 13, ""51"": 92}",0.8905804778325123,14880.379310344828,2.2955665024630543,121.98029556650246,12.369359211822662,11.704187802955666,0.15763546798029557,0.6009852216748769,1.438423645320197,9.47783251231527,5.41871921182266,1.1724137931034482,3.7192118226600983,108.3743842364532,0.5714285714285714,2.0324901231527095,4.497536945812808,5.093596059113301,4.270935960591133,0.15763546798029557,0.04433497536945813,0.03940886699507389,0.12807881773399016,0.04926108374384237,0.23645320197044334,0.06403940886699508,0.11330049261083744,0.07389162561576355,0.09359605911330049,0.06896551724137931,15.223701536945812,0.37392424137931035,18.90435139573071,1246.9704433497536,100.96059113300493,1296.0098522167489,0.8280549458128079,16.625615763546797,1.5044365960591133,2.0591133004926108,6.044334975369458,0.4482758620689655,30.97536945812808,11.728010399014778,41.63476024630542,0.0,0.0,5.674876847290641,0.0,0.0,0.0,0.0,0.0,0.0,0.0,0.0,9.620689655172415,0.0,0.3448275862068966,1.4636195221674877,0.03361523152709359,77.11685823754789,0.12978149753694582,0.6752762955665025,0.001364448275862069,0.19357776354679804,0.4876847290640394,118.659211591133,0.06873241379310345,0.16670426600985222,0.2712101871921182,0.03388508866995074,0.20768564532019707,0.26259974384236456,0.4433497536945813,9.791698059113301,0.4827586206896552,1642.2463054187192,60.09852216748769,0.0,308.86699507389164,877.128078817734,396.1527093596059
Andrew Brower,red-kite:v34,204,"{""57"": 97, ""56"": 13, ""51"": 94}",0.9247956127450981,15981.21568627451,0.4950980392156863,956.3578431372549,0.0,103.10237643137255,0.014705882352941176,0.1323529411764706,1.5637254901960784,0.058823529411764705,0.0,0.0,0.0,0.0,0.0,0.0,5.053921568627451,29.098039215686274,2.8186274509803924,0.10294117647058823,0.06372549019607843,0.049019607843137254,0.09803921568627451,0.1568627450980392,0.0392156862745098,0.07352941176470588,0.12745098039215685,0.16176470588235295,0.12745098039215685,0.08333333333333333,244.19722537254904,0.32352542647058824,0.16285403050108907,288.79901960784315,220.90686274509804,217.8921568627451,0.9586771666666667,0.05392156862745098,0.008138539215686275,0.2549019607843137,2.8480392156862746,0.5392156862745098,60.377450980392155,11.966278549019608,655.9438520686274,0.0,0.0,0.0,0.2107843137254902,32.15686274509804,1.9852941176470589,0.0,0.0,0.0,0.0,1894.5588235294117,0.0,1019.2254901960785,0.0,333.94905960294113,0.3923072843137255,0.16285403050108907,0.1791569798657718,0.7103126375838926,0.0010253020134228187,0.10950510067114094,0.49019607843137253,27.449137553921567,0.02117617156862745,0.04121133333333333,0.08514148529411765,0.00503621568627451,0.06281523039215686,0.7420669950980392,0.11764705882352941,218.70825670588235,0.37745098039215685,407.79411764705884,13.235294117647058,0.0,38.23529411764706,222.36764705882354,133.9558823529412
Andrew Brower B,black-kite:v16,207,"{""57"": 100, ""56"": 13, ""51"": 94}",0.9337065990338164,16245.903381642513,0.38164251207729466,936.1739130434783,0.0,101.67877907729469,0.004830917874396135,0.12077294685990338,1.458937198067633,0.057971014492753624,0.0,0.0,0.0,0.0,0.0,0.0,5.159420289855072,29.347826086956523,2.473429951690821,0.0966183574879227,0.028985507246376812,0.07729468599033816,0.14009661835748793,0.13043478260869565,0.043478260869565216,0.07246376811594203,0.09178743961352658,0.13043478260869565,0.18840579710144928,0.06763285024154589,215.49657942028986,0.32734685024154586,0.0,274.27536231884056,223.33333333333334,200.94202898550725,0.9657890338164251,0.04830917874396135,0.008734821256038647,0.2753623188405797,2.7971014492753623,0.6183574879227053,53.06280193236715,11.996326458937197,575.1305144637681,0.0,0.0,0.0,3.1739130434782608,33.81642512077295,0.2753623188405797,0.0,0.0,0.0,0.0,1534.072463768116,0.0,906.1932367149758,0.0,288.13490442028984,0.4253730917874396,0.0,0.21220292666666665,0.6916331533333333,0.0,0.09616394,0.5362318840579711,23.64207847826087,0.014382980676328502,0.030045787439613524,0.09047454589371981,0.0019712608695652174,0.0611016618357488,0.7703649227053141,0.11594202898550725,185.13607792753623,0.3140096618357488,392.512077294686,12.077294685990339,0.0,41.30434782608695,206.90821256038646,132.22222222222223
BeWellBot,BeWellBot-Arena:v17,14,"{""57"": 14}",0.9260723571428571,18108.214285714286,2.5,125.21428571428571,12.007422,10.272306285714285,0.0,0.14285714285714285,0.5,15.428571428571429,0.0,0.0,2.142857142857143,28.571428571428573,0.21428571428571427,2.531060142857143,5.357142857142857,6.714285714285714,3.357142857142857,0.14285714285714285,0.14285714285714285,0.0,0.0,0.0,0.0,0.21428571428571427,0.21428571428571427,0.14285714285714285,0.14285714285714285,0.21428571428571427,22.007383857142855,0.3360421428571429,3.642857142857143,1130.0,356.07142857142856,923.9285714285714,0.9059497142857144,10.285714285714286,0.7873166428571429,2.4285714285714284,5.357142857142857,0.5,21.642857142857142,13.552777785714285,69.1457407857143,0.0,0.5714285714285714,2.2857142857142856,0.0,0.0,23.142857142857142,0.0,0.0,0.0,0.0,0.0,4.928571428571429,0.0,0.0,2.5901754285714285,0.03654435714285714,82.0,0.009151357142857143,0.5745007857142858,0.0,0.41634771428571427,0.2857142857142857,88.52441807142857,0.019165928571428573,0.06043,0.22144742857142857,0.0,0.1695762857142857,0.28636635714285713,0.14285714285714285,38.83143807142857,0.2857142857142857,1424.4285714285713,14.285714285714286,0.0,364.2857142857143,714.3571428571429,331.5
daveey,arena-codex-draft-compatibility-20260921:v1,207,"{""57"": 100, ""56"": 13, ""51"": 94}",0.8095156570048309,13273.19806763285,1.5072463768115942,3237.5072463768115,0.0,351.0396584541063,0.004830917874396135,1.3043478260869565,3.463768115942029,6.642512077294686,0.0,0.0,0.0,0.0,0.0,0.0,3.657004830917874,14.816425120772946,6.004830917874396,0.19806763285024154,0.0966183574879227,0.09178743961352658,0.09178743961352658,0.09178743961352658,0.16908212560386474,0.0821256038647343,0.0821256038647343,0.04830917874396135,0.04830917874396135,0.06763285024154589,1559.566780811594,0.9062112318840579,189.06266774020395,1653.2608695652175,812.463768115942,990.7971014492754,0.7899172173913044,6.048309178743962,0.6653978985507247,4.3478260869565215,6.845410628019324,0.42028985507246375,1982.3188405797102,11.6652341352657,1739.0091031159423,0.0,0.0,0.0,99.27053140096618,0.0,38.73913043478261,0.0,0.0,0.0,0.0,3989.4685990338166,0.0,0.0,0.0,450.87101271497585,0.23138297584541062,375.20383789586685,0.3061030048309179,0.4672113285024154,0.006730367149758454,0.21995525603864735,0.5410628019323671,92.07349168599035,0.1210152077294686,0.2049694782608696,0.3815897922705314,0.04955650241545893,0.30978377294685994,0.2221080579710145,1.2995169082125604,934.4280332028985,0.5120772946859904,2150.4106280193237,130.43478260869566,0.0,652.1739130434783,1003.9130434782609,363.8888888888889
daveey-2,arena-codex-secondary-attack-timing-20260921:v1,205,"{""57"": 97, ""56"": 13, ""51"": 95}",0.8013162487804879,13599.692682926829,0.7707317073170732,2607.1756097560974,0.0,279.05431780000004,0.0,0.6341463414634146,1.946341463414634,5.507317073170731,0.0,0.0,0.0,0.0,0.0,0.0,4.990243902439024,14.268292682926829,6.185365853658537,0.07317073170731707,0.06829268292682927,0.06341463414634146,0.11707317073170732,0.15121951219512195,0.12682926829268293,0.03902439024390244,0.07804878048780488,0.12195121951219512,0.16097560975609757,0.05365853658536585,781.3272173609756,0.28314640487804876,48.444579945799454,885.609756097561,316.9512195121951,718.6585365853658,0.701469887804878,5.1414634146341465,0.5666763073170732,1.6780487804878048,5.3707317073170735,0.526829268292683,3894.712195121951,12.068959990243902,3044.7942372878047,0.0,0.0,0.0,43.25853658536585,60.0,115.53658536585365,0.0,0.0,0.0,0.0,7875.873170731707,0.0,9351.141463414635,0.0,1768.9653859365853,0.5565743707317073,96.36138211382114,0.22679414634146342,0.5854063804878049,0.005077004878048781,0.1827224536585366,0.5073170731707317,81.74932933170732,0.23801480975609757,0.318497243902439,0.25727627804878045,0.012959473170731707,0.19663851707317073,0.22435278536585365,0.6341463414634146,995.4048162585366,0.4195121951219512,1395.0146341463415,63.41463414634146,0.0,251.70731707317074,635.2146341463415,444.6780487804878
docxology,daf-gota-v1:v1,205,"{""57"": 99, ""56"": 14, ""51"": 92}",0.6881721365853658,11560.60487804878,1.5365853658536586,9424.243902439024,0.0,1149.6373867512195,0.05365853658536585,0.34146341463414637,4.102439024390244,1.0195121951219512,0.0,10.965853658536586,0.0,0.0,0.0,0.0,5.082926829268293,17.146341463414632,8.38048780487805,0.08292682926829269,0.04390243902439024,0.06829268292682927,0.0975609756097561,0.15121951219512195,0.1073170731707317,0.08292682926829269,0.07804878048780488,0.16585365853658537,0.12195121951219512,0.05365853658536585,343.1240898682927,0.04980467317073171,3.066124661246613,1032.4878048780488,222.5121951219512,959.9756097560976,0.8781906048780488,11.751219512195123,1.4702997170731709,1.424390243902439,5.492682926829269,0.5707317073170731,14.019512195121951,11.908838048780488,8038.676073360975,0.0,82.24878048780488,0.0,23.82439024390244,60.0,12.546341463414635,0.0,58.448780487804875,0.0,0.0,33901.27317073171,0.0,19591.453658536586,3400.6585365853657,6790.082755975609,0.8316295170731707,5.671002710027101,0.05896968780487805,0.7375151170731707,0.00023435121951219512,0.20328089268292684,0.526829268292683,107.80737657560975,0.047484321951219516,0.1136215512195122,0.13988586341463413,0.006764326829268293,0.10569820487804878,0.3305987804878049,0.28780487804878047,95.44283433170732,0.375609756097561,1352.1658536585367,34.146341463414636,0.0,213.65853658536585,710.6536585365853,393.7073170731707
Games Bond,games-bond-gota:v6,203,"{""57"": 97, ""56"": 14, ""51"": 92}",0.6994207389162561,12123.960591133005,2.4630541871921183,9796.995073891625,0.0,1137.2537673891625,0.0,0.11330049261083744,2.3596059113300494,0.4630541871921182,0.0,3.2019704433497536,0.0,0.0,0.0,0.0,5.399014778325123,8.32512315270936,8.300492610837438,0.08374384236453201,0.029556650246305417,0.054187192118226604,0.12315270935960591,0.10837438423645321,0.06403940886699508,0.09852216748768473,0.12807881773399016,0.14285714285714285,0.16748768472906403,0.07389162561576355,1191.7249971921183,0.4084529753694581,1.9113300492610839,283.07881773399015,36.94581280788177,396.13300492610836,0.9106082610837438,3.5369458128078817,0.41656306896551726,1.729064039408867,3.4729064039408866,0.5123152709359606,43.06896551724138,12.273494768472906,3854.111626812808,0.0,29.551724137931036,0.0,13.74384236453202,60.0,7.266009852216749,0.0,11.330049261083744,0.0,0.0,13487.738916256158,0.0,7404.783251231527,2179.689655172414,2602.175924458128,0.6170621576354679,1.9113300492610839,0.12841235467980294,0.21688560591133005,0.0006628916256157635,0.6540392068965517,0.47783251231527096,118.44198547290641,0.03647998522167488,0.0775522118226601,0.13856750738916257,0.006238059113300493,0.08477015763546797,0.3224672709359606,0.11330049261083744,113.53213774384236,0.41379310344827586,596.4926108374384,11.330049261083744,0.0,259.35960591133005,85.49753694581281,240.30541871921181
Jordan,Jordan-ply_bcb80069-fb0c-4ba5-a45c-06b647870aeb:v411,97,"{""57"": 97}",0.9646884536082475,18245.76288659794,1.6288659793814433,163.15463917525773,64.00652950515463,12.879532350515465,0.0,0.4020618556701031,2.9896907216494846,10.329896907216495,0.0,0.0,5.752577319587629,476.2886597938144,1.8144329896907216,1.731405381443299,3.3711340206185567,7.855670103092783,3.1649484536082473,0.020618556701030927,0.4020618556701031,0.1958762886597938,0.010309278350515464,0.05154639175257732,0.010309278350515464,0.07216494845360824,0.13402061855670103,0.010309278350515464,0.09278350515463918,0.10309278350515463,6.588728546391753,0.07986168041237114,144.18556701030928,2427.2680412371133,760.360824742268,1816.9072164948454,0.8429774742268041,13.70103092783505,1.063888206185567,3.268041237113402,8.29896907216495,0.5154639175257731,29.350515463917525,13.121155432989692,90.56505382474226,0.0,0.0,7.577319587628866,0.0,0.0,0.0,0.0,0.0,0.0,0.14432989690721648,0.0,5.309278350515464,0.0,0.0,1.073044556701031,0.012397525773195877,649.6907216494845,0.08278745360824742,0.793816969072165,0.0,0.12339560824742268,0.5876288659793815,104.58198145360825,0.06124017525773196,0.1352329381443299,0.42886269072164945,0.013582742268041237,0.3059011649484536,0.16376089690721649,0.4020618556701031,7.394416917525772,0.38144329896907214,3008.1546391752577,40.20618556701031,0.0,490.2061855670103,1954.7938144329896,522.9484536082474
macromackie,macromackie-gota:v4,205,"{""57"": 99, ""56"": 14, ""51"": 92}",0.974044868292683,16864.01463414634,0.0,0.0,0.0,0.0,0.0,0.0,1.4,0.0,0.0,0.0,0.0,0.0,0.0,0.0,4.814634146341463,7.985365853658537,1.4926829268292683,0.09268292682926829,0.03902439024390244,0.08780487804878048,0.11707317073170732,0.18048780487804877,0.05365853658536585,0.05853658536585366,0.13170731707317074,0.16585365853658537,0.07317073170731707,0.04878048780487805,53.80855518048781,0.8930386780487805,0.0,0.0,9.902439024390244,140.09756097560975,0.9939603560975611,0.0,0.0,0.0,1.0,0.6146341463414634,0.0,12.002781165853659,60.24522464390244,0.0,0.0,0.0,0.0,60.0,3.4,0.0,0.0,0.0,0.0,0.0,0.0,0.0,0.0,6.202694785365854,0.1030612780487805,0.0,,,,,0.5317073170731708,10.143861785365853,0.002961219512195122,0.005809780487804879,0.012849365853658538,5.004878048780488e-05,0.009822463414634146,0.9493880195121952,0.0,53.90640305853658,0.33658536585365856,18.21951219512195,0.0,0.0,0.0,0.0,18.21951219512195
NanosaurusX,nancy-goa:v2,205,"{""57"": 97, ""56"": 14, ""51"": 94}",0.6958247804878049,11739.721951219512,2.297560975609756,3956.9853658536585,663.0455447853658,479.40715261463413,0.14146341463414633,0.6926829268292682,4.092682926829268,0.7268292682926829,0.0,3.604878048780488,0.0,0.0,0.0,0.0,5.31219512195122,15.634146341463415,8.209756097560975,0.08292682926829269,0.02926829268292683,0.07804878048780488,0.08780487804878048,0.12195121951219512,0.1024390243902439,0.1073170731707317,0.06829268292682927,0.15609756097560976,0.16585365853658537,0.08292682926829269,950.9520366195122,0.23757743902439024,9.923983739837398,778.9024390243902,282.4390243902439,646.4634146341464,0.8135226341463415,4.278048780487805,0.49912025365853663,1.5658536585365854,4.868292682926829,0.5414634146341464,931.6585365853658,11.949346185365854,5517.887940370732,0.0,453.30243902439025,0.0,28.35609756097561,60.0,7.995121951219512,0.0,156.609756097561,0.0,33.24878048780488,20933.990243902437,0.0,16123.219512195123,85.05365853658536,4271.014995921952,0.7302476829268293,27.288346883468837,0.2122293317073171,0.5159836536585366,0.0022378146341463416,0.2695491707317073,0.4878048780487805,106.02623040487805,0.14031985365853658,0.19045979999999998,0.2537248682926829,0.03960252682926829,0.21070095609756098,0.32255631707317073,0.551219512195122,102.89144783414633,0.375609756097561,1130.1121951219511,69.26829268292683,0.0,234.8780487804878,471.29756097560977,354.66829268292685
relh,relh-gods-of-the-arena:v161,204,"{""57"": 98, ""56"": 13, ""51"": 93}",0.874600475490196,14805.161764705883,2.906862745098039,12677.416666666666,0.0,1214.926434862745,0.43137254901960786,2.4607843137254903,5.122549019607843,0.5196078431372549,0.3088235294117647,3.514705882352941,0.0,1037.7450980392157,2.9362745098039214,0.23997892647058822,3.784313725490196,22.38235294117647,6.431372549019608,0.25,0.014705882352941176,0.0784313725490196,0.11274509803921569,0.049019607843137254,0.22058823529411764,0.0784313725490196,0.10294117647058823,0.05392156862745098,0.0392156862745098,0.049019607843137254,1133.046757887255,0.8119861862745098,620.0270969498911,2457.2303921568628,770.9803921568628,1836.25,0.8508098235294117,4.205882352941177,0.43507845588235294,6.78921568627451,8.32843137254902,0.3088235294117647,62.23039215686274,11.908820088235293,1431.8275283382354,9.735294117647058,7.5588235294117645,0.0,102.27450980392157,0.0,10.200980392156863,25.34313725490196,244.69117647058823,135.42156862745097,0.0,0.0,357.80392156862746,0.0,194.76960784313727,109.2616611127451,0.06496903921568627,878.884123093682,0.16772893137254902,0.564572681372549,0.0013787401960784313,0.26631964705882355,0.4852941176470588,104.61716912745098,0.05931473529411765,0.13715569607843137,0.30148676470588237,0.032837068627450984,0.23741060784313725,0.22859813235294119,2.0294117647058822,104.75950471078431,0.6421568627450981,3045.6666666666665,246.07843137254903,0.0,1018.3823529411765,1352.485294117647,428.72058823529414
richard,richard-gods-of-the-arena:v153,204,"{""57"": 98, ""56"": 13, ""51"": 93}",0.8725617352941176,15429.514705882353,2.5833333333333335,13292.843137254902,0.0,1219.1162609264707,0.38235294117647056,2.4313725490196076,5.215686274509804,0.5490196078431373,0.5833333333333334,3.4901960784313726,0.0,1119.6078431372548,3.053921568627451,0.17453502450980393,3.965686274509804,21.99019607843137,6.617647058823529,0.25980392156862747,0.049019607843137254,0.049019607843137254,0.058823529411764705,0.058823529411764705,0.20588235294117646,0.05392156862745098,0.12254901960784313,0.08333333333333333,0.058823529411764705,0.08823529411764706,1150.9033212205884,0.8240847745098039,679.0608660130719,2773.970588235294,973.1617647058823,1950.8088235294117,0.8295130000000001,4.426470588235294,0.4872341911764706,8.382352941176471,8.77450980392157,0.3627450980392157,77.98039215686275,12.359102656862746,1429.2780814754904,11.504901960784315,5.235294117647059,0.0,101.00980392156863,0.0,9.696078431372548,19.823529411764707,436.4362745098039,119.94117647058823,0.0,0.0,340.1078431372549,0.0,162.74019607843138,101.22349030392157,0.059663617647058825,1144.68545751634,0.14702335784313725,0.5660582794117647,0.0012315539215686274,0.2856867745098039,0.4852941176470588,107.22344909803921,0.06773151960784314,0.15726932352941178,0.27409132843137257,0.032193955882352944,0.21358058333333332,0.22943386274509803,2.049019607843137,105.98711981372549,0.5490196078431373,3388.8137254901962,243.13725490196077,0.0,1257.3529411764705,1485.6274509803923,402.69607843137254
Scott Smith,gota-g003:v2,206,"{""57"": 97, ""56"": 13, ""51"": 96}",0.7064049563106796,11930.669902912621,3.063106796116505,9809.140776699029,0.0,1152.1266844660195,0.1407766990291262,0.46116504854368934,2.0388349514563107,6.5,0.0,1.2475728155339805,0.0,0.0,0.0,0.0,5.145631067961165,7.631067961165049,7.995145631067961,0.06796116504854369,0.038834951456310676,0.07766990291262135,0.10194174757281553,0.15048543689320387,0.11165048543689321,0.09223300970873786,0.07281553398058252,0.1553398058252427,0.13106796116504854,0.06796116504854369,762.166415514563,0.2333784417475728,15.56809600862999,970.3883495145631,308.56796116504853,811.8203883495146,0.8772305436893204,7.349514563106796,0.8712421844660194,1.5922330097087378,5.538834951456311,0.5,6.354368932038835,11.920624291262136,3484.9069515145634,0.0,0.0,0.0,49.3252427184466,40.0,252.6359223300971,0.0,0.0,0.0,0.0,14309.14563106796,0.0,3693.640776699029,11.339805825242719,2235.852466140777,0.6163947524271844,31.655339805825243,0.0868430145631068,0.6639774174757281,0.0017459417475728155,0.2474335873786408,0.48058252427184467,104.4824723446602,0.04258633980582524,0.0978786067961165,0.1772133203883495,0.01389919417475728,0.13896483009708738,0.31576175728155337,0.32038834951456313,94.90944340776699,0.4320388349514563,1408.8446601941748,46.116504854368934,0.0,238.83495145631068,623.0922330097087,500.8009708737864
